Factor,LB,UB,Name,  - title Line - this line should remain here
1,-3.14159265359,3.14159265359,1   
2,-3.141592653591,3.14159265359,2
3,-3.14159265359,3.14159265359,3
